《,
!,
",",
》,
「,
」,
》,
《,
",",
、,
。,
，,
！,
!,
?,
？,
禰,祢
我水甘寧,活水甘霖
甘寧,甘霖
融上加融,榮上加榮
絨上加絨,榮上加榮
斯姆,師母
火水乾淩,活水甘霖
活水乾泥,活水甘霖
活水幹練,活水甘霖
活水乾飲,活水甘霖
火水甘霖,活水甘霖
湖水甘霖,活水甘霖
活水觀靈,活水甘霖
乾靈,甘霖
可慕,渴慕
施喜,施洗
呼昭,呼召
輔音,福音
很長傳福音,很常傳福音
天賦,天父
令人歸主,領人歸主
姓耶穌,信耶穌
新耶穌,信耶穌
為為德的靈魂,為未得的靈魂
歸族,歸主
贊,讚
思喜,施洗
拆派,差派
拆遣,差遣
德勝,得勝
慕斯,牧師
封耶穌,奉耶穌
阿man,阿們
俺們,阿們
amen,阿們
謝謝你,謝謝祢
求你,求祢
靠得住,靠著主
器敏,器皿
世界的末流,世界的末了
死人做門徒,使人做門徒
意志跟釋放,醫治跟釋放
意志釋放,醫治釋放
嘉伊,嘉義
陰虛,應許
硬許,應許
啓,啟
耶書基督,耶穌基督
敬拜你,敬拜祢
感謝你,感謝祢
敬畏你,敬畏祢
越像你,越像祢
讚美你,讚美祢
主你,主祢
被蒙連續,必蒙憐恤
必盟連續,必蒙憐恤
蒙連續,蒙憐恤
阿巴富,阿爸父
保險,寶血
買署,買贖
涉罪,赦罪
森林,聖靈
正道,證道
創世紀,創世記
夏蛙,夏娃
法韓盛會,訪韓聖會
帶導,代禱
代導,代禱
生計,牲祭
苦讀,苦毒
凡記,燔祭
容神一人,榮神益人
散髮,散發
關照,光照
祖師的,主是的
鈴,靈
爲,為
裏,裡
借著,藉著
接著主,藉著主
餓著,惡者
求助,求主
真言,箴言
侍奉,事奉
服侍,服事
允許,應許
敬錢,敬虔
豬啊,主啊
富神,父神
社名,聖名
耶穌基屋,耶穌基督
副神,父神
風聲,豐盛
崽門,窄門
你的應許,祢的應許
污糟,呼召
借有,藉由
上帝你,上帝祢
上帝啊你,上帝啊祢
需要你,需要祢
好林友,好靈友
感謝沈,感謝神
神察,省察
與生聯解,與生聯解
寵滿,充滿
神是現實,神是信實
你教導,祢教導
思比瘦,施比受
與你親近,與祢親近
不自滅亡,不至滅亡
上周,上週
這周,這週
下周,下週
楚楚,求主
服飾,服事
聖靈他,聖靈祂
呃,
與生建立,與神建立
味格,位格
同宮,同工
護照,呼召
職務銀行,食物銀行
角質,決志
你的呼召,祢的呼召
蠻有能力,滿有能力
蠻有盼望,滿有盼望
得早滿足,得著滿足
勝利啊,聖靈啊
離休班,靈修班
實物銀行,食物銀行
跟隨你,跟隨祢
猛虎,蒙福
順服順利,順服聖靈
宅門,窄門
清淨身,親近神
天不上帝,天父上帝
時節,10節
貝神,被神
生靈,聖靈
壽喜,壽喜
勞沃,老我
心智,心志
主啊你,主啊祢
定義,定意
向你仰望,向祢仰望
仰望你,仰望祢
思想你,思想祢
聖靈姐,聖靈也
奉考,奉靠
聖靈師傅我們,聖靈賜福我們
器命,器皿
倚靠你,依靠你
依靠你,依靠祢
依靠祢自己,依靠你自己
有你,有祢
與你,與祢
和其,何其
何其中,和其中
聖靈娜,聖靈吶
渴慕你,渴慕祢
神機,神蹟
德聖,得勝
內柱,內住
賢內住,賢內柱
我們愛你,我們愛祢
菲利比,腓立比
恩點,恩典
格林多,哥林多
形式為人,行事為人
穆斯,牧師
牧師林,穆斯林
梔子,枝子
交託給你,交託給祢
交託與你,交託與祢
在你面前,在祢面前
恩高,恩膏
川福音,傳福音
未異,為義
未審判,未審判
千杯,謙卑
小主,小組
山林光照,聖靈光照
自我忠心,自我中心
議病,醫病
湖水救會,活水教會
毒精,讀經
無知的羅馬,無知的騾馬
認真悔改,認罪悔改
制勝,至聖
離了你,離了祢
爭道,真道
胡求,呼求
特惠,特會
童工,同工
訂金,訂金
渴慕你,渴慕祢
丟姐妹,弟兄姐妹
依靠他,依靠祂
長短角,長短腳
你的光,祢的光
趕軌,趕鬼
交給你,交給祢
用姐妹,弟兄姐妹
養法柔,楊法柔
法羅,法柔
這一周,這一週
願你祝福,願祢祝福
走在你,走在祢
盛寧,聖靈
鳩徒,基督徒
蜀林徵戰,屬靈征戰
蜀林,屬靈
鼠齡,屬靈
徵戰,征戰
交托給你,交託給祢
烈火退位,烈火特會
拆拍,差派
富生,父神
靠祖,靠主
耶和華靈犀,耶和華尼西
神果,神國
精心禱告,警醒禱告
對準你,對準祢
歸向你,歸向祢
你的話,祢的話
透過你,透過祢
你恩典,祢恩典
神你,神祢
爭光,真光
施福,賜福
以福所書,以弗所書
宣教室,宣教士
婦神,父神
留寶血,流寶血
誤軌,污鬼
你的話語,祢的話語
你的愛,祢的愛
領授,領受
領受你,領受祢
主頁數,主耶穌
主頁書,主耶穌
爵叔,主耶穌
主耶穌你,主耶穌祢
相信你,相信祢
攔住,攔阻
角中,腳蹤
耶穌你,耶穌祢
力爭只是,麗珍執事
力爭,麗珍
麗珍直視,麗珍執事
麗珍詞是,麗珍執事
行耶穌,信耶穌
會遣,會前
優先秩序,優先次序
是福於你,賜福與你
3招良藥,三招兩要
三焦良藥,三招兩要
山楂良藥,三招兩要
無心架,無薪假
車宴,測驗
安陽院,安養院
衛服部,衛福部
每周,每週
是福,賜福
清淨神,親近神
主動賣,主動脈
姓祖,信主
軌跡,詭計
道陽,道揚
攤子,癱子
抓緊身,抓緊神
數天,屬天
神的功,神的工
所做的功,所做的工
義無掛慮,一無掛慮
你的工,祢的工
你面前,祢面前
躺拼,躺拼
願你,願祢
嬌怪,澆灌
這一周,這一週
i'm in,阿們
低至尊,低自尊
受喜,受洗
又大又懶,又大又難
這樣氣球,這樣祈求
抑制我們,醫治我們
包血,寶血
寶血出鏡,寶血除淨
敬畏他,敬畏祂
至正著,至聖者
內著,內住
他與我同在,祂與我同在
主色領,主聖靈
窩裡面,窩裡面
家給我力量,加給我力量
你降臨,祢降臨
靠著你,靠著祢
主聖女,主聖靈
跟你相交,跟祢相交
與你相交,與祢相交
高摸,膏抹
使你的能力,使祢的能力
復辟,覆庇
活水甘嶺,活水甘霖
米球,名求
楓葉樹,奉耶穌
足日,主日
1個,一個
2個,兩個
3個,三個
4個,四個
5個,五個
6個,六個
7個,七個
8個,八個
9個,九個
10個,十個
1一個,11個
1兩個,12個
1三個,13個
1四個,14個
1五個,15個
1六個,16個
1七個,17個
1八個,18個
1九個,19個
2一個,21個
2兩個,22個
2三個,23個
2四個,24個
2五個,25個
2六個,26個
2七個,27個
2八個,28個
2九個,29個
3一個,31個
3兩個,32個
3三個,33個
3四個,34個
3五個,35個
3六個,36個
3七個,37個
3八個,38個
3九個,39個
4一個,41個
4兩個,42個
4三個,43個
4四個,44個
4五個,45個
4六個,46個
4七個,47個
4八個,48個
4九個,49個
5一個,51個
5兩個,52個
5三個,53個
5四個,54個
5五個,55個
5六個,56個
5七個,57個
5八個,58個
5九個,59個
6一個,61個
6兩個,62個
6三個,63個
6四個,64個
6五個,65個
6六個,66個
6七個,67個
6八個,68個
6九個,69個
7一個,71個
7兩個,72個
7三個,73個
7四個,74個
7五個,75個
7六個,76個
7七個,77個
7八個,78個
7九個,79個
8一個,81個
8兩個,82個
8三個,83個
8四個,84個
8五個,85個
8六個,86個
8七個,87個
8八個,88個
8九個,89個
9一個,91個
9兩個,92個
9三個,93個
9四個,94個
9五個,95個
9六個,96個
9七個,97個
9八個,98個
9九個,99個
1點,一點
2點,兩點
3點,三點
4點,四點
5點,五點
6點,六點
7點,七點
8點,八點
9點,九點
10點,十點
1一點,11點
1兩點,12點
1三點,13點
1四點,14點
1五點,15點
1六點,16點
1七點,17點
1八點,18點
1九點,19點
2一點,21點
2兩點,22點
2三點,23點
2四點,24點
2五點,25點
2六點,26點
2七點,27點
2八點,28點
2九點,29點
3一點,31點
3兩點,32點
3三點,33點
3四點,34點
3五點,35點
3六點,36點
3七點,37點
3八點,38點
3九點,39點
4一點,41點
4兩點,42點
4三點,43點
4四點,44點
4五點,45點
4六點,46點
4七點,47點
4八點,48點
4九點,49點
5一點,51點
5兩點,52點
5三點,53點
5四點,54點
5五點,55點
5六點,56點
5七點,57點
5八點,58點
5九點,59點
6一點,61點
6兩點,62點
6三點,63點
6四點,64點
6五點,65點
6六點,66點
6七點,67點
6八點,68點
6九點,69點
7一點,71點
7兩點,72點
7三點,73點
7四點,74點
7五點,75點
7六點,76點
7七點,77點
7八點,78點
7九點,79點
8一點,81點
8兩點,82點
8三點,83點
8四點,84點
8五點,85點
8六點,86點
8七點,87點
8八點,88點
8九點,89點
9一點,91點
9兩點,92點
9三點,93點
9四點,94點
9五點,95點
9六點,96點
9七點,97點
9八點,98點
9九點,99點
1樣,一樣
2樣,兩樣
3樣,三樣
4樣,四樣
5樣,五樣
6樣,六樣
7樣,七樣
8樣,八樣
9樣,九樣
10樣,十樣
1一樣,11樣
1兩樣,12樣
1三樣,13樣
1四樣,14樣
1五樣,15樣
1六樣,16樣
1七樣,17樣
1八樣,18樣
1九樣,19樣
2一樣,21樣
2兩樣,22樣
2三樣,23樣
2四樣,24樣
2五樣,25樣
2六樣,26樣
2七樣,27樣
2八樣,28樣
2九樣,29樣
3一樣,31樣
3兩樣,32樣
3三樣,33樣
3四樣,34樣
3五樣,35樣
3六樣,36樣
3七樣,37樣
3八樣,38樣
3九樣,39樣
4一樣,41樣
4兩樣,42樣
4三樣,43樣
4四樣,44樣
4五樣,45樣
4六樣,46樣
4七樣,47樣
4八樣,48樣
4九樣,49樣
5一樣,51樣
5兩樣,52樣
5三樣,53樣
5四樣,54樣
5五樣,55樣
5六樣,56樣
5七樣,57樣
5八樣,58樣
5九樣,59樣
6一樣,61樣
6兩樣,62樣
6三樣,63樣
6四樣,64樣
6五樣,65樣
6六樣,66樣
6七樣,67樣
6八樣,68樣
6九樣,69樣
7一樣,71樣
7兩樣,72樣
7三樣,73樣
7四樣,74樣
7五樣,75樣
7六樣,76樣
7七樣,77樣
7八樣,78樣
7九樣,79樣
8一樣,81樣
8兩樣,82樣
8三樣,83樣
8四樣,84樣
8五樣,85樣
8六樣,86樣
8七樣,87樣
8八樣,88樣
8九樣,89樣
9一樣,91樣
9兩樣,92樣
9三樣,93樣
9四樣,94樣
9五樣,95樣
9六樣,96樣
9七樣,97樣
9八樣,98樣
9九樣,99樣
順福,順服
馴服,順服
最跟死,罪跟死
咒主,咒詛
保血,寶血
青青神,親近神
他揀選,祂揀選
他使用,祂使用
他的聖靈,祂的聖靈
你愛我,祢愛我
你的榮耀,祢的榮耀
我是甘霖,活水甘霖
祝姐妹,弟兄姐妹
說1就1,說一就一
說2就2,說二就二
持續的坐,持續的做
等候他,等候祂
前輩下來,謙卑下來
同功,同工
風聖圖,豐盛圖
側透,測透
實時的,時時的
主啊你,主啊祢
主要你,主啊祢
保衛師,保惠師
經歷你,經歷祢
再地如再甜,在地如在天
得找,得著
靠的主,靠的主
寶惠師,保惠師
阿曼,阿們
勝林,聖靈
淚柱,內住
私會,司會
季度化,基督化
活水乾臉,活水甘霖
安席日,安息日
安席,安息
合成心意,合神心意
向你承認,向祢承認
耐住,內住
你的懇求,祢的懇求
活水乾嶺,活水甘霖
催聽,垂聽
德明,的名
富啊,父啊
宣聯,聖靈
你是平安,祢是平安
你透過,祢透過
封神的恩典,丰盛的恩典
孟師,牧師
俠制,轄製
保會師,保惠師
拆下,差下
領收,領受
可目,渴慕
我選甘霖,活水甘霖
回撥,回播
定十字架,釘十字架
繼師長,祭司長
他的門徒,祂的門徒
背膩,悖逆
廉潔,連結
已復所述,以弗所書
饒我,老我
你是那位,祢是那位
你的面前,祢的面前
你創造,祢創造
歸給你,歸給祢
你的心意,祢的心意
進入到你,進入到祢
進入你,進入祢
神蹟歧視,神蹟奇事
被抑制,被醫治
聖女,聖靈
你手中,祢手中
聲明我們,赦免我們
從你而來,從祢而來
你是如何,祢是如何
領袖禱告,靈修禱告
3造2藥,三招二要
你的創造,祢的創造
就拔,救拔
器名,器皿
心慈姐,忻慈姐
樹林充滿,聖靈充滿
樹林,屬靈
活出你,活出祢
你的標桿,祢的標桿
你聖靈,祢聖靈
到仰牧師,道揚牧師
阿巴夫,阿爸父
聖明,聖名
聖靈抽完,聖靈充滿
克木,渴慕
張茂生,張茂松
賭神的話,讀神的話
沈球,神求
鼠年,屬靈
謝謝你,謝謝祢
閉門連續,必蒙憐恤
新招的人,新造的人
全稟,權柄
林良堂,靈糧堂
你愛,祢愛
甘靈,甘霖
聖靈你,聖靈祢
活血甘霖,活水甘霖
約莎法,約沙法
月上法,約沙法
歷代至,歷代志
歷代之下,歷代志下
歷代治,歷代志
舊恩,救恩
進食禱告,禁食禱告
進食,禁食
牧師之母,牧師師母
你應許,祢應許
定交,定焦
唱師,唱詩
逐日,主日
夸父主日,夸父逐日
親近你,親近祢
你榮耀,祢榮耀
透過進食,透過禁食
通過進食,通過禁食
榮耀的座位,榮耀的作為
你就親近,祢就親近
from yes to do,奉耶穌基督
祝謝謝祢,主謝謝祢
聯絡部,聯絡簿
祢們,你們
祂們,他們
支取他,支取祂
他的話,祂的話
暗手,按手
臨界,靈界
耶華,耶和華
你的現實,祢的信實
你是我們,祢是我們
充滿祢,充滿你
游大,猶大
師班,詩班
d i s c,D I S C
背神,被神
廉於,連於
將子,這樣子
醬紫,這樣子
愛揚,愛羊
牧師拭目,牧師拭目
被兼顧,被堅固
討你,討祢
活水教誨,活水教會
重生而來,從神而來
伊麗莎,以利沙
恆村,恆春
橫村,恆春
精力神,經歷神
相聲懇求,向神懇求
抓著你,抓著祢
漢,和
跡,蹟
仰望著你,仰望著祢
活水乾寧,活水甘霖
封口主,奉靠主
尾聲,委身
盛林,聖靈
臨休班,靈修班
尋求他,尋求祂
順服他,順服祂
親近他,親近祂
所求所向,所求所想
現實的神,信實的神
耶和華羅伊,耶和華羅以
耶和華娛樂,耶和華以勒
已變已現,以便以謝
應於,應允
上帝的現實,上帝的信實
他是神,祂是神
讚美組,讚美主
智賢院長,志成院長
福音寫,福音鞋
全新的信靠,全心的信靠
三招良藥,三招兩要
傾盡神,親近神
斜槓人生,斜杠人生
署領導師,署領導師
目視的信息,牧師的信息
神蹟啟示,神蹟奇事
親近你,親近祢
榮耀組,榮耀主
親呼,輕忽
信靠你,信靠祢
你的真理,祢的真理
神蹟大冷,神蹟大能
約斯基督,耶穌基督
甘林,甘霖
雅克書,雅各書
呼招,呼召
余卓,愚拙
瑪利亞,馬利亞
馬大他,馬大她
馬利亞他,馬利亞她
菲力筆書,腓立比書
鐵上龍一家,帖撒羅尼迦
謝謝阻,謝謝主
主他,主祂
經歷他,經歷祂
寶雪,寶血
安習日,安息日
錢書,前書
鐵砂努力加,帖撒羅尼迦
懷孕的富人,懷孕的婦人
沈睡,沉睡
回轉到他,回轉到祂
回轉到你,回轉到祢
上帝他,上帝祂
他的寶血,祂的寶血
他賜給,祂賜給
牧著,牧者
交匯,教會
等候你,等候祢
靠住剛強,靠主剛強
願神師傅大家,願神賜福大家
他手中,祂手中
你是信實,祢是信實
詩比獸,施比受
萌福,蒙福
思禧約翰,施洗約翰
施禧約翰,施洗約翰
師喜約翰,施洗約翰
師禧約翰,施洗約翰
十喜約翰,施洗約翰
拆來,差來
3招兩要,三招兩要
三招兩邀,三招兩要
活血乾淋,活水甘霖
驢居,驢駒
何塞納,和散那
輓救記,挽救祭
贖回記,贖回祭
石架上,十架上
10架,十架
他的旨意,祂的旨意
蜀天,屬天
萌服,蒙福
靠的神,靠著神
做光做嚴,作光作鹽
你是以馬內利,祢是以馬內利
約束的名,耶穌的名
禮眷,禮券
金魂,經文
穆氏,牧師
聖靈族,勝利族
靈魂時尚,靈魂失喪
應運,應允
德醫治,得醫治
稚優生,資優生
同性戀著,同性戀者
拆遷,差遣
祝我們,主我們
光和岩,光和鹽
又新又火,又新又活
御劍神,遇見神
敬淺,敬虔
施上的靈魂,施上的靈魂
fong call,奉靠
據do,基督
死因幽谷,死陰幽谷
或著,或者
陰許,應許
音許,應許
向他求,向祂求
晨導,晨禱
你賜,祢賜
異路,義路
耶爾華,耶和華
受奉獻,收奉獻
他所造,祂所造
額主,兒主
奉獻代,奉獻袋
馬拉基書,瑪拉基書
少子畫,少子化
簡選,揀選
活水乾鱗,活水甘霖
鼠靈,屬靈
早齡休班,早靈修班
林命,靈命
聖林,聖靈
倚靠你,倚靠祢
謝謝祖,謝謝主
順林,聖靈
導告,禱告
基督的明,基督的名
活水乾蓮,活水甘霖
各地兄姐妹,各位弟兄姐妹
你的名,祢的名
祢的名字,你的名字
傳揚你,傳揚祢
送讚,頌讚
頌讚他,頌讚祂
頌讚你,頌讚祢
他的恩,祂的恩
寶血員,保險員
全險的寶血,全險的保險
全險寶血,全險保險
寶血公司,保險公司
問嬸,問神
他的慈愛,祂的慈愛
蘇醒,甦醒
新的意向,新的異象
已經為祢,已經為你
阿爸父士,阿爸父神
願祢我,願你我
於佐,愚拙
兩著,兩者
囧然不同,迥然不同
印許,印許
不治失望,不至失望
祢我,你我
耶斯基督,耶穌基督
阿妹,阿們
滋潤祢,滋潤你
陸家福音,路加福音
呼求他,呼求祂
相信他,相信祂
成就他自己,成就祂自己
仰望他,仰望祂
覺治,決志
智工,志工
你要使我,祢要使我
靠族喜樂,靠主喜樂
約書雅,約書雅
耶穌亞,約書亞
約淑雅,約書亞
一師,醫師
神爺,神也
主動脈玻璃,主動脈剝離
你的恩典,祢的恩典
你要帶領我,祢要帶領我
定金在,定睛在
你調度萬有,祢調度萬有
利上加利,力上加力
雲家,雲嘉
孟著,牧者
可木,渴慕
新酒新友,新酒新油
心酒心有,新酒新油
主師的,主是的
主是的你,主是的祢
你必與我,祢必與我
皮帶,皮袋
活水永留,活水湧流
以色列名,以色列民
神奇騎士,神蹟奇事
降下石災,降下十災
失信神蹟,施行神跡
跟隨他,跟隨祂
相信他,相信祂
奴僕的0,奴僕的靈
的0,的靈
阿爸富,阿爸父
江南地,迦南地
工課,功課
慰憤,位份
不幸的罪,不信的罪
這裡拜,這禮拜
持手,持守
屬林,屬靈
向繩,向神
繩的面,神的面
鼠靈,屬靈
對交,對焦
雅閣書,雅各書
托去,脫去
西伯萊文,希伯來文
安疏,安舒
讓沈,讓神
跟沈,跟神
國效,果效
向你來對齊,向祢來對齊
向你對齊,向祢對齊
他給了我,祂給了我
讀清,讀經
瞭解他,瞭解祂
曉得他,曉得祂
愛他,愛祂
BBCO,BB.Call
能源維基,能源危機
資本的盛情,紙本的聖經
蹟象,跡象
沈淪,沉淪
主導文,主禱文
信使慈愛,信實慈愛
家務病房,加護病房
追師禮拜,追思禮拜
資料假,資料夾
他都垂聽,祂都垂聽
他都應允,祂都應允
洗盡,洗淨
因性誠意,因信稱義
成為祢今天,成為你今天
心造的人,新造的人
自以為意,自以為義
為了牲祭,為了生計
雅戈舒,雅歌書
大借命,大誡命
訪函盛會,訪韓盛會
張茂盛,張茂松
行大會,行道會
全柄,權柄
楊林雅,楊寧亞
附近禱告小組,復興禱告小組
零糧,靈糧
犬丙,權柄
神蹟騎士,神蹟奇事
直腸恩膏,職場恩膏
審計,神蹟
你的國度,祢的國度
蠻有聖靈,滿有聖靈
約書雅,約書亞
靈獸,領受
足裡,主裡
心靠神,信靠神
來零售,來領受
彰顯他,彰顯祂
保護師,保惠師
蜀靈,屬靈
河神心,合神心
精力得勝,經歷得勝
求神就把,求神救拔
莫想神的話,默想神的話
共赴一惡,共負一軛
季節里,季節裡
守約詩詞愛,守約施慈愛
你那大能,祢那大能
恩首,恩手
你的恩手,祢的恩手
蜀算,數算
祢每一天,你每一天
曠野獸,曠野受
沙旦,撒旦
將會的,教會的
感謝他,感謝祂
讚美他,讚美祂
寄託圖,基督徒
求告他,求告祂
你是偉大的神,祢是偉大的神
礦也,曠野
自怨自愛,自怨自艾
礦業,曠野
你的大能,祢的大能
自由擁有,自有永有
生命記,申命記
哇,
那呢,那
哦,
練盡,煉淨
附身我們,父神我們
你要引導,祢要引導
你為我們預備,祢為我們預備
謙卑匍匐,謙卑俯伏
四伏的意念,賜福的意念
你的道路,祢的道路
衰為,衰微
你的能力,祢的能力
你興盛我衰微,祢興盛我衰微
你在我們的生命,祢在我們的生命
你自己的榮耀,祢自己的榮耀
Amen,阿們
河水甘霖,活水甘霖
寶血大人,寶血大能
瑪娜,嗎哪
更加的認識他,更加的認識祂
更加認識他,更加認識祂
更多認識他,更多認識祂
更加的認識你,更加的認識祢
更加認識你,更加認識祢
顯明你,顯明祢
你的良善,祢的良善
你的作為,祢的作為
兼顧我們,堅固我們
兼顧了我們,堅固了我們
誇聖,誇勝
祖耶穌,主耶穌
i'm on,阿們
天空姐妹,弟兄姐妹
活水乾檸,活水甘霖
八章二姐,八章2節
呢,
師母他,師母她
哈雷路亞,哈利路亞
翅膀印下,翅膀蔭下
苦毒基督,苦毒嫉妒
Covid Nineteen,Covid 19
一天園,伊甸園
分別散熱樹,分別善惡樹
腎好,甚好
阿八富首,阿爸父神
阿八富,阿爸父
你的憐憫,祢的憐憫
你聖潔,祢聖潔
目測的分享,牧師的分享
盛名,聖名
活水天天永留,活水天天湧流
黑暗詮釋,黑暗權勢
你是醫治,祢是醫治
你是耶和華,祢是耶和華
赦免我們的過分,赦免我們的過犯
靠你喜樂,靠祢喜樂
又真又火,又真又活
耶穌可以抑制,耶穌可以醫治
餵著,為著
你是又真又活,祢是又真又活
跟上一禱告,跟上帝禱告
他可以醫治,祂可以醫治
他會醫治你,祂會醫治你
聖命,聖名
萌神,蒙神
雲迦,雲嘉
以塞雅書,以賽亞書
他的現實,祂的信實
雲嘉男,雲嘉南
眺望,挑旺
木道友,慕道友
聖靈里,聖靈裡
黎希米,尼希米
署齡,屬靈
審理自己,神祢自己
你的帶領,祢的帶領
主要謝謝祢,主啊謝謝祢
名球,名求
拉合,喇合
約旦和,約旦河
伊利歌,耶利哥
拉河,喇合
哥林多厚書,哥林多後書
保雪,寶血
寶血竭盡,寶血潔淨
拉和,喇合
寶血可以竭盡,寶血可以潔淨
榮神藝人,榮神益人
你的寶血,祢的寶血
寶血捷徑,寶血潔淨
教我們得生命,叫我們得生命
得勝人民,得勝的名
守望之事的實底,所望之事之事的實底
未見之事的闕句,未見之事的確據
薩馬利亞人,撒瑪利亞人
交導,教導
傷著,傷者
借由,藉由
記文卡,經文卡
主要我們感謝祢,主啊我們感謝祢
你的審判,祢的審判
a man,阿們
主約束,主耶穌
神照的人,神造的人
經義,精意
神吶你,神吶祢
精益,精意
Rema,Rhema
推尾,推諉
求主還帶領,求主來帶領
真演書,箴言書
避不亨通,必不亨通
並謀連續,必蒙憐恤
神經一定會發生,神蹟一定會發生
為伊為罪,為義為罪
n高,恩膏
新的階節,新的季節
摩羯,摩西
摩基,摩西
約束雅,約書亞
列委託會,烈火特會
統工,同工
約瑟爾紀,約書亞記
蒙神學的,蒙神喜悅的
耶力哥,耶利哥
老何,喇合
炎華,耶和華
必加真,必加增
仇苦,愁苦
約束亞,約書亞
伊利格城,耶利哥城
江南人,迦南人
捷徑生命,潔淨生命
榮神一人,榮神益人
當德的,當得的
寶血接近,寶血潔淨
士工,事工
他掌權,祂掌權
示下,賜下
回應你,回應祢
資論您,滋潤您
約蘇雅基,約書亞記
一致大能,醫治大能
光緯,光偉
自決,自潔
祖尼,主祢
他的子民,祂的子民
藍丁,男丁
行其事,行奇事
你的神蹟,祢的神蹟
聖祭的生活,聖潔的生活
恩賞加恩,恩上加恩
感謝在美族,感謝讚美主
礦野,曠野
利金牛賭,立金牛犢
約貴,約櫃
著祢自己,著你自己
賢主,險阻
無比而餘,五餅二魚
以靠,依靠
現身服事,獻身服事
情感整群,情感整全
福祉,服事
服事得利,服事得力
翅膀的印象,翅膀的蔭下
翅膀印象,翅膀蔭下
他的翅膀,祂的翅膀
他翅膀,祂翅膀
不自缺乏,不至缺乏
得勝著,得勝者
神說他,神說祂
火水江河,活水江河
利百家,利百加
命令計畫,命定計劃
道養牧師,道揚牧師
眼中的同仁,眼中的瞳仁
得聖,得勝
得勝人名,得勝的名
童宮,同工
阿巴天父,阿爸天父
因性稱意,因信稱義
亮在一邊,晾在一邊
活水跟你,活水甘霖
教師智能檢定,教師資能檢定
寒窗苦毒,寒窗苦讀
不是依靠實力,不是依靠勢力
夜華,耶和華
靠的能力,靠著能力
版書,板書
祢面前引誘,你面前引誘
夜化,耶和華
智能檢定,資能檢定
祝祢愛我,主祢愛我
你必為我們,祢必為我們
愛我們道地,愛我們到底
你是愛我們,祢是愛我們
你的聖名,祢的聖名
因著性,因著信
心造的人,新造的人
求祝幫助,求主幫助
輔仕,服事
以嫂,以掃
西伯萊書,希伯來書
醫店園,伊甸園
周到陽,周道揚
 祝阿,主啊
木枝,牧師
我們靠住,我們靠主
以薩,以撒
盡力神,經歷神
組日,主日
歷代事項,歷代志下
祂們,他們
埋頭骨幹,埋頭苦幹
小組緣,小組員
淡淡仰望,單單仰望
怯懼,確據
小族長,小組長
他是信實,祂是信實
他是良善,祂是良善
向你祈求,向祢祈求
尋求你,尋求祢
超練,操練
信靠你,信靠祢
募著,牧者
火水肝靈,活水甘霖
尤大,猶大
一致釋放,醫治釋放
壓劃,耶和華
偽身,委身
神的信義,神的心意
聖靈的應濟,聖靈的印記
拼著心心,憑著信心
你是行神蹟,祢是行神蹟
超煉,操練
三膠兩藥,三招兩要
容神益人,榮神益人
物要設立,務要設立
月蛋河,約旦河
迦南帝,迦南地
大人的恩典,大能的恩典
刀齒甘蔗,倒吃甘蔗
加油席市,家有喜事
你使用我,祢使用我
新香之際,馨香之祭
火水一樣滋潤,活水一樣滋潤
約蘇亞記,約書亞記
百吉拉,百基拉
壽喜主日,受洗主日
壽喜成為,受洗成為
積要真理,基要真理
Rama,Rhema
竹壇,築壇
活水感應,活水甘霖
爛癱子,爛攤子
世公,事工
慕樂,牧樂
意象,異象
合場,禾場
做心事,做新事
你的意念是高過,祢的意念是高過
你的意念高過,祢的意念高過
精心依賴你,堅心依賴祢
閻啟榮,嚴啟榮
克西馬尼,客西馬尼
拿撒冷,拿撒勒人
火水佳人,活水家人
心照的人,新造的人
信號神,信靠神
傑蘇,主耶穌
民球,名求
十恩寶座,施恩寶座
醫治領導,醫治臨到
趙用基,趙鏞基
肝鬼,趕鬼
靈道,臨到
死架,十架
他是愛我們的神,祂是愛我們的神
你是良善的神,祢是良善的神
你的靈,祢的靈
主啊 你,主啊 祢
拆敗,差派
割離,割禮
我們起低頭,我們一起低頭
主事的,主是的
歌禮,割禮
活水觀靈,活水甘霖
證到,證道
撒木耳,撒母耳
博足不前,跛足不前
福神,父神
眼光定精,眼光定睛
伺服於,賜福於
信使的,信實的
你是垂聽我們禱告,祢是垂聽我們禱告
你是垂聽禱告,祢是垂聽禱告
你垂聽禱告,祢垂聽禱告
你是聽我們禱告,祢是聽我們禱告
你聽我們禱告,祢聽我們禱告
交託仰望給你,交託仰望給祢
仰望交託給你,仰望交託給祢
淨淺,敬虔
正經為座,正襟危坐
屬靈禪業,屬靈產業
禪業,產業
活水肝靈,活水甘霖
口水甘霖,活水甘霖
鋼牆,剛強
橫切,恆切
賜禧約翰,施洗約翰
自始老我,治死老我
你的應許,祢的應許
石圖形狀,使徒行傳
可牧,渴慕
暢行無主,暢行無阻
陶族所喜悅,討主所喜悅
陶族喜悅,討主喜悅
被你光照,被祢光照
三招二藥,三招二要
同心可以,同心合意
神蹟取世,神蹟奇事
同德自由,同得自由
他愛祢,祂愛你
買贖祢,買贖你
定意是什麼,定義是什麼
清精神,親近神
對準於你,對準於祢
恩帶師父,恩待賜福
寶血業,保險業
得生的名,得勝的名
龍作物,農作物
羅德,羅得
器民,器皿
應洗之地,應許之地
玉月節,逾越節
約蘇亞,約書亞
愉悅節,逾越節
神蹟起事,神蹟奇事
向你尋求,向祢尋求
有根有機,有根有基
在美你,讚美祢
你為我們捨命,祢為我們捨命
你來掌管,祢來掌管
你必會施恩,祢必會施恩
你會施恩,祢會施恩
聖靈火水,聖靈活水
聖靈的火水,聖靈的活水
加蘭人,迦南人
純謙卑的心,存謙卑的心
勞我,老我
陶主喜悅,討主喜悅
永生一人,榮神益人
玉龍傳道,育農傳道
榮耀都歸給他,榮耀都歸給祂
榮耀歸給他,榮耀歸給祂
聖靈教慣,聖靈澆灌
天王姐妹,弟兄姐妹
堅固迎雷,堅固營壘
約蘇雅,約書亞
迎雷,營壘
得勝驚奇,得勝旌旗
得利為業,得地為業
淫雷,營壘
私人座前,施恩座前
淫累,營壘
淫淚,營壘
約束亞,約書亞
瑪那,嗎哪
月蛋河,約旦河
耶利科,耶利哥
淫淚,營壘
堅固淫類,堅固營壘
迦拉太書,加拉太書
火水,活水
心電行道會,新店行道會
火水教會,活水教會
周翔雄,周湘雄
獵我特會,烈火特會
他會成就,祂會成就
清神,輕省
靈性宗,林慶忠
做心事,做新事
你的榮光,祢的榮光
饑渴慕易,饑渴慕義
得生的名,得勝的名
眺望,挑旺
獵魔特會,烈火特會
三招兩藥,三招兩要
你的救贖,祢的救贖
你的救恩,祢的救恩
包收我們,保守我們
亞比斯,雅比斯
林永煦,李永勳
煉進,煉淨
你的聖潔,祢的聖潔
活水感應,活水甘霖
地獄姐妹,弟兄姐妹
出外極記,出埃及記
敬錢,敬虔
竹壇,築壇
孝宗兼牧師,夏忠堅牧師
醫病肝鬼,醫病趕鬼
感謝張美竹,感謝讚美主
感謝張美女,感謝讚美主
神對祢,神對你
列我特會,烈火特會
為你所用,為祢所用
森林的活水,聖靈的活水
森林活水,聖靈活水
肝靈,甘霖
迦南帝,迦南地
約束亞,約書亞
約瑟雅,約書亞
三招兩藥,三招兩要
侍奉,事奉
神他,神祂
你的慈愛,祢的慈愛
你與我們同在,祢與我們同在
你與我同在,祢與我同在
重大的聖靈,重大的勝利
重大聖靈,重大勝利
驕傲之大,驕傲自大
是被公辦,事倍功半
必謀,必蒙
你光照我們,祢光照我們
你光照我,祢光照我
你來光照我,祢來光照我
耶穌亞,約書亞
評鑑,評鑒
迦蘭人,迦南人
向祂啟示,向他啟示
亞甘,亞干
信武小組,幸福小組
壽喜,受洗
制伏祂,制伏他
願神四福,願神賜福
封靠耶穌,奉靠耶穌
的聖人名,得勝的名
製作主張,自作主張
雅甘,亞干
四福我們,賜福我們
電動姐妹,弟兄姐妹
楊哥,揚哥
清宗牧師,慶忠牧師
以戲劫書,以西結書
禁詞禱告,禁食禱告
聖名記,申命記
電影姊妹,弟兄姐妹
私會,司會
獵物特會,烈火特會
慶鐘牧師,慶忠牧師
永貞牧師,永錚牧師
百謝榮耀,把一些榮耀
獵火,烈火
永珍牧師,永錚牧師
神童在,神同在
國水教會,活水教會
送戰鬥鬼給他,頌讚都歸給祂
充滿靈 滋潤靈,充滿您 滋潤您
始祿行傳,使徒行傳
小主時間,小組時間
基躍真理,基要真理
知取,支取
活水感染,活水甘霖
油腿骨,猶推古
獨親禱告,讀經禱告
道養慕詩,道揚牧師
史徒行傳,使徒行傳
游推谷,猶推古
道昂牧師,道揚牧師
木道朋友,慕道朋友
牧師它,牧師他
游推鼓,猶推古
油推鼓,猶推古
驚患難,經患難
無比鱷魚,五餅二魚
回一神,回應神
丁宏哲妹,弟兄姊妹
活水佳人,活水家人
師上的靈魂,失喪的靈魂
立慰人,利未人
讚美之拳,讚美之泉
募者,牧者
辛酒辛遊,新酒新油
頂達醫師,鼎達醫師
三章兩要,三招兩要
食衣奉獻,十一奉獻
罪的公家,罪的工價
遵行你的旨意,遵行祢的旨意
遵行你旨意,遵行祢旨意
約書亞技,約書亞記
耶利哥成,耶利哥城
活水該領,活水甘霖
定精,定睛
獻繁祭,獻燔祭
基利新山,基利心山
哥佛奇書,歌羅西書
以佛所書,以弗所書
慕施,牧師
募吃,牧師
活水乾陵,活水甘霖
活水乾淩,活水甘霖
募食,牧師
洪水教會,活水教會
稱謝你,稱謝祢
誓言誓光,是鹽是光
割山地,歌珊地
祂們,他們
步道會,佈道會
步道家,佈道家
活水開靈,活水甘霖
保羅和希臘,保羅和西拉
戈林多,哥林多
機變人,基遍人
進行禱告,警醒禱告
約書亞紀,約書亞記
心裡做難卻不知失望,心裡做難卻不至失望
三昭兩要,三招兩要
三朝兩藥,三招兩要
為你而活,為祢而活
結城獻上,竭誠獻上
歸鄉你,歸向祢
導館,導管
榮神議人,榮神益人
約書亞基,約書亞記
李協從,李協聰
厚實的肝靈,活水甘霖
協從牧師,協聰牧師
善惡術,善惡樹
生命術,生命樹
諸瑞蓮,祝瑞蓮
高安地牧師,高安蒂牧師
斜聰牧師,協聰牧師
浮浮在,俯伏在
生命素,生命樹
動功,動工
西伯倫,希伯倫
雅納人,亞納人
木斯,牧師
奉結束基督,奉耶穌基督
堅固引領,堅固營壘
牧道友,慕道友
絕痔,決志
牆道,強盜
天父愛祂,天父愛他
建宣牧師,建萱牧師
一致的愛,醫治的愛
高仰的寶座,羔羊的寶座
得人如得語,得人如得魚
覺知禱告,決志禱告
你是避難所,祢是避難所
坐昂掌權,作王掌權
利威人,利未人
與眾心腸,語重心長
耶穌雅記,約書亞記
法利塞人,法利賽人
回該禱告,悔改禱告
陶城,逃城
深處我心,深觸我心
立位人,利未人
他的公義,祂的公義
他的憐憫,祂的憐憫
清靜神,親近神
逃程,逃城
伺服我,賜福我
樂住舌頭,勒住舌頭
封主耶穌,奉主耶穌
活水甘您,活水甘霖
怨神的活水,願神的活水
心事問罪,興師問罪
講到的信息,講道的信息
心思問罪,興師問罪
會墓,會幕
雅干,亞干
攻打愛城,攻打艾城
逐壇,築壇
燭壇,築壇
慢慢的動路,慢慢的動怒
摆设演习,擺設宴席
盤石,磐石
高級諸天,高及諸天
獻上為繼,獻上為祭
淨迦蘭,進迦南
你的信使,祢的信實
你是我堅固的磐石,祢是我堅固的磐石
你是我的磐石,祢是我的磐石
道養牧師,道揚牧師
哈巴古,哈巴谷
出埃及際,出埃及記
仇敵他,仇敵牠
信告祂,信靠祂
守約師慈愛,守約施慈愛
祭邪,忌邪
全心百上,全心擺上
事奉你,事奉祢
事奉他,事奉祂
衝滿,充滿
約索亞,約書亞
伺服大家,賜福大家
你是良善,祢是良善
進兜順利,盡都順利
元祖的,願主的
審的話語,神的話語
朗読,懶惰
可證的,可憎的
獎題,講題
公應的神,供應的神
你的誡命,祢的誡命
你誡命,祢誡命
好領友,好靈友
向你禱告,向祢禱告
因允,應允
累計祝福,累積祝福
哥羅西書,歌羅西書
脫去救人,脫去舊人
罪的瑕疵,罪的轄製
活向主,活像主
慶敬神,親近神
兼顧我,堅固我
他垂聽,祂垂聽
你垂聽,祢垂聽
卸飯,謝飯
寫上祢,寫上你
走進祢的生命,走進你的生命
祢可不可,你可不可
你的抑制,祢的醫治
你的恢復,祢的恢復
你的平安,祢的平安
草筆記,抄筆記
利刃子詞,麗珍執事
初也蒙福,出也蒙福
如也蒙福,入也蒙福
約瑟雅,約書亞
衛信者,未信者
過濟給神明,過繼給神明
你就恩待,祢就恩待
你恩待,祢恩待
矮乳,睚魯
血肉夫人,血漏婦人
血肉的婦人,血漏的婦人
耶穌他,耶穌祂
和神信義,合神心意
神蹟祈祀,神蹟奇事
敬禮祢,經歷祢
狐牧教會,湖木教會
祂的救主,他的救主
平安的卻去,平安的確據
平安卻去,平安確據
轉向你,轉向祢
靠得主,靠著主
他的應許,祂的應許
他的恩典,祂的恩典
辛慈,忻慈
實母,師母
哥林多潛書,哥林多前書
審視現實的，神是信實的
新一本,新譯本
門福,蒙福
謀福的,蒙福的
交在你的手,交在祢的手
交在你手,交在祢手
雅魯,睚魯
牙路,睚魯
得到一致,得到醫治
得著一致,得著醫治
聖誕節前戲,聖誕節前夕
倒數閱歷,倒數月曆
天古巴福,天國八福
飢渴木依,饑渴慕義
飢渴木易,饑渴慕義
必得寶珠,比得飽足
他的國和他的意,祂的國和祂的義
就約,舊約
對焦在他的裡面,對焦在祂的裡面
對焦在他裡面,對焦在祂裡面
他是做新事的,祂是做新事的
祂可以得醫治,他可以得醫治
十比壽更為有,施比受更為有
姓氏所望之勢,信是所望之事
未見之勢,未見之事
確句,確據
所望之事的始邸,所望之事的實底
所望之勢,所望之事
怯劇,確據
印史之地,應許之地
匍匐在,俯伏在
的定意,的定義
印許,應許
雨神在一起,與神都一起
雨神一起,與神一起
雨神同行,與神同行
第10姐妹,弟兄姐妹
感謝主號,感謝主齁
那那那,那
那那,那
你你你,你
你你,你
我我我,我
我我,我
我的我的,我的
你的你的,你的
有有有,有
有有,有
草自然,超自然
supernatural,Super Natural
他創造,祂創造
他的形象在我們裡面,祂的形象在我們裡面
他的形象在我們當中,祂的形象在我們當中
他的形象在我們心裡,祂的形象在我們心裡
他的形象在我們心中,祂的形象在我們心中
他的形象在裡面,祂的形象在裡面
隻是,只是
你的生命裡頭,祢的生命裡頭
就就就,就
就就,就
很很很,很
很很,很
然後然後,然後
祢的生命真的,你的生命真的
祢的生命需要,你的生命需要
就是就是,就是
所以所以,所以
雖然雖然,雖然
按祢的名認識祢,按你的名認識你
你希望別人認識祢,你希望別人認識你
郭臺銘,郭台銘
叫祢,叫你
丁肯的手,釘痕的手
他掌管,祂掌管
你是他的兒女,你是祂的兒女
你是他兒女,你是祂兒女
啊啊,啊
他是充滿臉憐憫,祂是充滿憐憫
他是充滿臉慈愛,祂是充滿慈愛
他是充滿臉信實,祂是充滿信實
他是充滿臉良善,祂是充滿良善
鼠林,屬靈
戴伊利,但以理
看見到一個意向,看見到一個異象
看見意向,看見異象
看見到意向,看見到異象
看見了意向,看見了異象
導讀,禱讀
尼西米,尼希米
尼希米久正,尼希米酒政
黛尼裡，但以理
耶穌的寶石,耶穌的寶血
承聖,成聖
臺,台
陳勝炳,陳設餅
清香爐,金香爐
散發出他的榮光,散發出祂的榮光
散發他的榮光,散發祂的榮光
散發出他的榮美,散發出祂的榮美
散發他的榮美,散發祂的榮美
馬街,馬皆
聖靈精能,聖靈今天
高洋,羔羊
他是救主,祂是救主
他的話語,祂的話語
信靠他,信靠祂
他的作為,祂的作為
求你指引,求祢指引
讓他引領,讓祂引領
為你歌唱,為祢歌唱
他的力量,祂的力量
在他的愛中,在祂的愛中
他的道路,祂的道路
尊崇你,尊崇祢
他的國度,祂的國度
求你饒恕,求祢饒恕
求你赦免,求祢赦免
他的智慧,祂的智慧
傾聽你的話,傾聽祢的話
他的救恩,祂的救恩
跟隨你的腳步,跟隨祢的腳步
他的話是真理,祂的話是真理
你的話是真理,祢的話是真理
求你教導我,求祢教導我
他的話語充滿智慧,祂的話語充滿智慧
用你的愛,用祢的愛
在你的懷抱,在祢的懷抱
他是光,祂是光
在你的愛裡,在祢的愛裡
他的國是永恆的,祂的國是永恆的
求你帶領,求祢帶領
他的權柄,祂的權柄
傳揚你的愛,傳揚祢的愛
他的平安,祂的平安
以你的名,以祢的名
他的帶領,祂的帶領
求你賜福,求祢賜福
他是創造主,祂是創造主
來到你的寶座前,來到祢的寶座前
他的救贖,祂的救贖
順服你的旨意,順服祢的旨意
順服他的旨意,順服祂的旨意
雪洛夫人,血漏婦人
血肉婦人,血漏婦人
希伯來叔,希伯來書
隻有,只有
的心救了我,的信救了我
的心救了你,的信救了你
宣求祢的國,先求祢的國
你都會供應,祢都會供應
足啊,主啊
恩代,恩待
阿門,阿們
以賽亞術,以賽亞書
出埃及計,出埃及記
創世忌,創世記
路得氣,路得記
路得技,路得記
以賽亞舒,以賽亞書
以斯帖計,以斯帖記
歌羅西術,歌羅西書
出埃及忌,出埃及記
利未忌,利未記
容美,榮美
黑白人參,黑白人生
神奇禱告會,神蹟禱告會
最適禮拜,追思禮拜
試訊,視訊
髮炎,發炎
最是禮拜,追思禮拜
聖馬爾丁,聖瑪爾定
破膜性組織炎,蜂窩性組織炎
安喜,安息
墓室,牧師
他配得,祂配得
桃主喜悅,討主喜悅
親愛天福,親愛天父
服事你,服事祢
鳳也許基督,奉耶穌基督
報嘉音,報佳音
認識組織前,認識主之前
詹姆斯,張牧師
魯伽湖音,路加福音
答案都在他裡面,答案都在祂裡面
答案都在它裡面,答案都在祂裡面
廚師機,除濕機
樂色,垃圾
感謝祖,感謝主
仇敵的寂寞,仇敵的計謀
對教與神,對焦與神
耶穌的聲,耶穌的生
審你,神祢
可依靠你,可以靠祢
活水甘嶺,活水甘霖
這個定意,這個定義
那個定意,那個定義
認識祖,認識主
內助,內住
賢內住,賢內助
內駐,內住
罪的殘壘,罪的纏累
罪殘壘,罪纏累
伴住了,絆住了
加拉泰書,加拉太書
真視,珍視
致死了我,治死老我
致死老我,治死老我
討你的喜悅,討祢的喜悅
討你喜悅,討祢喜悅
討他的喜悅,討祂的喜悅
討他喜悅,討祂喜悅
衷心的追隨,忠心的跟隨
衷心追隨,忠心跟隨
立位記,利未記
誓師記,士師記
路德記,路得記
沙木爾紀,撒母耳記
獵王紀,列王記
以斯拉紀,以斯拉記
以斯鐵,以斯帖
曰伯記,約伯記
耶利米埃戈,耶利米哀歌
旦以裡書,但以理書
荷西阿書,何西阿書
約爾書,約珥書
阿摩斯書,阿摩司書
俄巴迪亞書,俄巴底亞書
迷加書,彌迦書
拿洪書,那鴻書
納洪書,那鴻書
西班牙書,西番雅書
撒加利亞書,撒迦利亞書
路迦福音,路加福音
加拉泰,加拉太
斐利比,腓立比
切沙羅尼迦,帖撒羅尼迦
鐵沙羅尼迦,帖撒羅尼迦
提摩泰,提摩太
菲利門書,腓利門書
猶大叔,猶大書
尤大叔,猶大書
這個啊,這個
那啊,那
之前啊,之前
比較啊,比較
的人啊,的人
沒沒有,沒有
沒有沒有,沒有
這一類的病死,這一類的病史
這一類病死,這一類病史
這類的病死,這類的病史
這類病死,這類病史
說啊,說
我的我的,我的
還還在,還在
第第,第
就我就,我就
我就我,我
這樣子哈,這樣子
找聊的機構,早療的機構
找療機構,早療機構
臉書婆,臉書PO
I'M,I'm
他他,他
後來舊約他,後來就約他
開刀丸,開刀完
都都,都
還還算,還算
很很,很
要找療,要早療
松木強,松慕強
然後啊,然後
9和一,九合一
基隆是啊,基隆市啊
茂盛牧師,茂松牧師
弟弟兄姐妹,弟兄姐妹
招募師,張牧師
受襲,受洗
助導,祝禱
張師,張牧師
隻能,只能
你也愛祂,你也愛他
少帝,上帝
祭奠他,紀念他
恩戴,恩待
意向與異夢,異象與異夢
金燈塔,金燈台
芳能成,方能成
但以裡,但以理
納尼希米,那尼希米
你保守,祢保守
耶蘇,耶穌
倒嘎,禱告
零休,靈修
數靈的,屬靈的
法力賽人,法利賽人
薩羅尼迦,撒羅尼迦
鐵撒羅尼迦,帖撒羅尼迦
靈脩,靈修
零售生活,靈修生活
零售的生活,靈修的生活
多數靈,多屬靈
他藉著聖靈,祂藉著聖靈
向你來禱告,向祢來禱告
向你禱告,向祢禱告
法恨社會,訪韓聖會
髮脾氣,發脾氣
我自己我自己,我自己
陸軍群發,怒氣全發
入去全發,怒氣全發
那個那個,那個
聲氣,生氣
雅戈蘇,雅各書
駐足掌權,做主掌權
制服己心,治服己心
強儒取臣,強如取城
等歐神,等候神
聽晉神,親近神
鑑察,鑒察
貴國會,貴格會
服事住,服事主
何等祂的恩典,何等大的恩典
輕呼,輕忽
仍對悔改,認罪悔改
容神伊人,榮神益人
勝靈也光照,聖靈也光照
勝靈光照,聖靈光照
提莫太,提摩太
勝利的光照,聖靈的光照
勝利光照,聖靈光照
傅神,父神
聖靈寶會,聖靈保惠
神裡自己,神祢自己
被你來破碎,被祢來破碎
你來更新,祢來更新
被你更新,被祢更新
道貌宗牧師,張茂松牧師
天運合唱團,天韻合唱團
以馬內力,以馬內利
澆灌的原子,澆灌的園子
以馬列利,以馬內利
漆黑聖靈,漆黑森林
為喜愛耶和華的律法,唯喜愛耶和華的律法
得得更豐盛,得的更豐盛
以馬蕾利,以馬內利
死中不變,始終不變
死駕上,十架上
因性稱義,因信稱義
共義和信實,公義和信實
約攝,約瑟
化險為一,化險為夷
逆轉聖,逆轉勝
雀巨,確據
不應許,不允許
你是守約施慈愛,祢是守約施慈愛
活水教慣,活水澆灌
繳錢的燈,腳前的燈
長生之處,藏身之處
呼救神,呼求神
病得一直,病得醫治
二零二十年,2024年
島高山,禱告山
魯豫島,汝矣島
念神學,唸神學
聽眾姐妹,弟兄姐妹
叫一切信他的人,叫一切信祂的人
教愛神的人得益處,叫愛神的人得益處
千倍的來到世上,謙卑的來到世上
明亮的誠心,明亮的晨星
明亮誠心,明亮晨星
康護,康復
耳別也動,俄別以東
一致賞賜,醫治賞賜
足壇,築壇
以馬內列,以馬內利
內事的生活,內室的生活
內事生活,內室生活
以馬拉米,以馬內利
講到的時候,講道的時候
講到的主題,講道的主題
講到題目,講道題目
講到的題目,講道的題目
亞當夏娃被召,亞當夏娃被造
亞當夏娃被罩,亞當夏娃被造
竟都順利,盡都順利
攬主,攔阻
你的同在,祢的同在
慧目,會幕
烏蘭主,無攔阻
幕會,牧會
你要賜福,祢要賜福
你同在,祢同在
跪向你,歸向你
自始至終,至始至終
俗憲直式,淑倩執事
為不足道,微不足道
江省的愛,將神的愛
聖靈的高墨,聖靈的膏抹
聖靈高墨,聖靈膏抹
活水感靈,活水甘霖
譜誤,譜務
你們要藏在我裡面,你們要常在我裡面
我也藏在你們裡面,我也常在你們裡面
我要更像你,我要更像祢
神基其事,神蹟奇事
神基,神蹟
得勝的明,得勝的名
接得主,藉著主
定在十字架,釘在十字架
俗憲知識,淑倩執事
戰驚,戰兢
深怕,生怕
結成線上,竭誠獻上
阿爸父母,阿爸父
高謀,膏抹
馬派福音,馬太福音
格里和牧師,葛理翰牧師
格里漢牧師,葛理翰牧師
來到你的面前,來到祢的面前
劉美的碩士,留美的碩士
劉美的博士,留美的博士
格尼沙湖,革尼沙湖
春安劍,春安簡
I Am,I am
七小,妻小
重新得利,重新得力
彈花一現,曇花一現
定意我，定義我
定意你，定義你
以色亞書,以賽亞書
得利,得力
山樂樹,善惡樹
洩漫,褻慢
為喜愛耶和華律法,唯喜愛耶和華律法
報加陰,報佳音
左是又想,左思右想
讀金卡,讀經卡
立真直式,麗珍執事
立真直世,麗珍執事
愛祂們,愛他們
淋到,臨到
義無所成,一無所成
步道所,佈道所
麗珍持勢,麗珍執事
活水幹靈,活水甘霖
佛水甘霖,活水甘霖
唐崇隆,唐崇榮
一貞直視,麗珍執事
成人主義學,成人主日學
伊利介塞種,一粒芥菜種
介塞種,芥菜種
立真直視,麗珍執事
活蹟,活祭
尿頓,尿遁
愛艷,愛宴
愛燕,愛宴
立正直侍,麗珍執事
立正執事,麗珍執事
在你是沒有難成的事,在祢是沒有難成的事
菲律賓書,腓立比書
以佛所作,以弗所書
雅各族,雅各書
卑劍,卑賤
得勝而民,得勝的名
活水永留,活水湧流
靚靚嗆嗆,踉踉蹌蹌
爭理的教導,真理的教導
私恩憐憫,施恩憐憫
聖靈的喜,聖靈的洗
煉成晶晶,煉成精金
馬里遜,馬禮遜
平信心,憑信心
堅信忍耐,堅心忍耐
自戰自盡,至暫至輕
天天精進祢,天天親近祢
母師,牧師
丹丹來,單單來
深淵與深淵相映,深淵與深淵響應
救必,就必
醫主,醫囑
清省,輕省
做著為王,坐著為王
世上的炎,世上的鹽
巴迪滿,巴底買
巴底馬,巴底買
獨行大騎士,獨行大奇事
巴迪買,巴底買
蝦子立刻看見,瞎子立刻看見
蝦子看見,瞎子看見
八抵滿,巴底買
降伏,降服
小性的人,小信的人
西伯來書,希伯來書
在他沒有難成的事,在祂沒有難成的事
三昭兩曜,三招兩要
奉神圖,豐盛圖
神蹟其事,神蹟奇事
創始成中,創始成終
你是全能的神,祢是全能的神
在你沒有難成的事,在祢沒有難成的事
神績,神蹟
營火蟲,螢火蟲
再信的人凡事都能,在信的人凡事都能
亞巴,啞巴
充滿在祢,充滿在你
充滿祢,充滿你
回應審,回應神
法寒盛會,訪韓聖會
趙孟基牧師,趙鏞基牧師
多結果汁,多結果子
藏在祢的裡面,常在祢的裡面
地頭來禱告,低頭來禱告
地頭禱告,低頭禱告
我們起低頭,我們一起低頭
烈火特味,烈火特會
香伯木,香柏木
你成就,祢成就
聖節,聖潔
禾水甘您,活水甘霖
薩摩爾記,撒母耳記
薩摩爾,撒母耳
全輩的賞識,全備的賞賜
我們起低頭,我們一起低頭
因你受的鞭傷,因祢受的鞭傷
因你受的刑罰,因祢受的刑罰
聽到的態度,聽道的態度
赫頓的恩典,何等的恩典
你的子民,祢的子民
洪水甘霖,活水甘霖
特會宗,特會中
朱聖民,朱聖敏
你所賜,祢所賜
套神喜悅,討神喜悅
全餅,權柄
全秉,權柄
轉向祢旁邊,轉向你旁邊
的卻拒,的確據
菲律比書,腓立比書
阿们,阿們
敬心,盡心
敬性,盡性
敬意,盡意
他是怎樣的一位神,祂是怎樣的一位神
對他的信靠,對祂的信靠
音信稱義,因信稱義
最得到赦免,罪得到赦免
最得赦免,罪得赦免
天父你真好,天父祢真好
為祖,為主
順服祖,順服主
主和祢同在,主和你同在
至高者的能力要應聘,至高者的能力要蔭庇
髮生,發生
生命季,申命記
李永訓,李永勳
你所喜悅的,祢所喜悅的
你喜悅的,祢喜悅的
你的國降臨,祢的國降臨
月分,月份
不斷永留,不斷湧流
小祖元,小組員
抓住意向,抓住異象
真正的意向,真正的異象
因為意向,因為異象
芭蕉醬,八家將
太不聰明瞭,太不聰明了
神所視的,神所賜的
精衛神,敬畏神
你掌權,祢掌權
你必帶領,祢必帶領
你要使用我,祢要使用我
機要整理,基要真理
李詠旭牧師,李永勳牧師
訪談盛會,訪韓聖會
如意島,汝矣島
亞馬遜貝哥,亞馬遜悲歌
尋教士,宣教士
被一致,被醫治
牢我,老我
被生命充滿,被聖靈充滿
倚靠聖靈,依靠聖靈
倚靠你,依靠你
道陽牧師,道揚牧師
天使天君,天使天軍
為你做見證,為祢作見證
你們要修習要知道我是神,你們要休息要知道我是神
誓詩記,士師記
你必差派,祢必差派
主祕,主祢
矇蔽,蒙蔽
封神之地,豐盛之地
貧血氣,憑血氣
在組裡,在主裡
心事意念,心思意念
薄雪,寶血
依靠神,倚靠神
依靠耶和華,倚靠耶和華
艱辛倚靠神,堅心倚靠神
積電,基甸
積殿,基甸
牧師師母她們,牧師師母他們
把雪遮蓋,寶血遮蓋
活在神奇中,活在神蹟中
讀神州話語,讀神的話語
約瑟亞,約書亞
馬辣,嗎哪
車主幫助我們,求主幫助我們
父父,父
她她,她
丟你為情,弟兄姐妹請
依靠,倚靠
神經歧視,神蹟奇事
神經話語,聖經話語
阿滿嗎,阿們嗎
耶和華是新神經的神,耶和華是行神蹟的神
葉華,耶和華
神蹟的審,神蹟的神
麻辣型的神蹟,嗎哪型的神蹟
馬拉型的神蹟,嗎哪型的神蹟
瑪拿,嗎哪
哪型的神經,哪型的神蹟
超自然的神經,超自然的神蹟
揣吉吉,出埃及記
嗎哪形的神蹟,嗎哪型的神蹟
瑪納芒,嗎哪
得了一智,得了醫治
患難之日求告我並應許,患難之日求告我必應允
求成醫治,求神醫治
油布,郵簿
它是一花一樂的神,祂是耶和華以勒的神
死無變為有,使無變為有
死無變成有,使無變成有
木會,牧會
果中生,國中生
在他沒有難省的事,在祂沒有難成的事
祂完全好,他完全好
一致的神,醫治的神
馬拉行的神蹟,嗎哪型的神蹟
審大能,神大能
載人不能載成,載人不能在神
新天行道會,新店行道會
沈娜,神啊
法安盛會,訪韓聖會
感謝在美組,感謝讚美主
伊利亞,以利亞
馬拉星的神蹟,嗎哪型的神蹟
趙雲金牧師,趙鏞基牧師
不斷的呼救,不斷的呼求
我若不幸在火人之地,我若不信在活人之地
新神蹟的神,行神蹟的神
馬拉西的神蹟,嗎哪型的神蹟
平安息樂,平安喜樂
荊門,金門
新耶酥,信耶穌
神靈,聖靈
領袖生活,靈修生活
升學院,神學院
尊敬祂的話語,遵行祂的話語
主旨稿,逐字稿
組織稿,逐字稿
狄龍姐,弟兄姐妹
法人盛會,訪韓聖會
立我特會,烈火特會
陰騭,嬰孩
不做禱告,不住禱告
三刀兩要,三招兩要
雅歌書,雅各書
他是醫治的神,祂是醫治的神
好靈柩,好靈友
神明導師,生命導師
經歷住的恩典,經歷主的恩典
好鄰友,好靈友
好靈佑,好靈友
法盟盛會,訪韓聖會
烈火車位,烈火特會
盡職禱告,禁食禱告
綠我特會,烈火特會
應著耶穌,因著耶穌
謝先祖,謝謝主
先祖,謝謝主
巫師,牧師
震動的果,震動的國
4世紀第一章,士师记第一章
4世紀第二章,士师记第二章
4世紀第三章,士师记第三章
4世紀第四章,士师记第四章
4世紀第五章,士师记第五章
4世紀第六章,士师记第六章
4世紀第七章,士师记第七章
4世紀第八章,士师记第八章
4世紀第九章,士师记第九章
4世紀第十章,士师记第十章
4世紀第十一章,士师记第十一章
4世紀第十二章,士师记第十二章
4世紀第十三章,士师记第十三章
4世紀第十四章,士师记第十四章
4世紀第十五章,士师记第十五章
4世紀第十六章,士师记第十六章
4世紀第十七章,士师记第十七章
4世紀第十八章,士师记第十八章
4世紀第十九章,士师记第十九章
4世紀第二十章,士师记第二十章
4世紀第二十一章,士师记第二十一章
機電,基甸
左口笨舌,拙口笨舌
懷疑跟不幸,懷疑跟不信
積澱,基甸
10篇1篇,詩篇1篇
10篇2篇,詩篇2篇
10篇3篇,詩篇3篇
10篇4篇,詩篇4篇
10篇5篇,詩篇5篇
10篇6篇,詩篇6篇
10篇7篇,詩篇7篇
10篇8篇,詩篇8篇
10篇9篇,詩篇9篇
10篇10篇,詩篇10篇
10篇11篇,詩篇11篇
10篇12篇,詩篇12篇
10篇13篇,詩篇13篇
10篇14篇,詩篇14篇
10篇15篇,詩篇15篇
10篇16篇,詩篇16篇
10篇17篇,詩篇17篇
10篇18篇,詩篇18篇
10篇19篇,詩篇19篇
10篇20篇,詩篇20篇
10篇21篇,詩篇21篇
10篇22篇,詩篇22篇
10篇23篇,詩篇23篇
10篇24篇,詩篇24篇
10篇25篇,詩篇25篇
10篇26篇,詩篇26篇
10篇27篇,詩篇27篇
10篇28篇,詩篇28篇
10篇29篇,詩篇29篇
10篇30篇,詩篇30篇
10篇31篇,詩篇31篇
10篇32篇,詩篇32篇
10篇33篇,詩篇33篇
10篇34篇,詩篇34篇
10篇35篇,詩篇35篇
10篇36篇,詩篇36篇
10篇37篇,詩篇37篇
10篇38篇,詩篇38篇
10篇39篇,詩篇39篇
10篇40篇,詩篇40篇
10篇41篇,詩篇41篇
10篇42篇,詩篇42篇
10篇43篇,詩篇43篇
10篇44篇,詩篇44篇
10篇45篇,詩篇45篇
10篇46篇,詩篇46篇
10篇47篇,詩篇47篇
10篇48篇,詩篇48篇
10篇49篇,詩篇49篇
10篇50篇,詩篇50篇
10篇51篇,詩篇51篇
10篇52篇,詩篇52篇
10篇53篇,詩篇53篇
10篇54篇,詩篇54篇
10篇55篇,詩篇55篇
10篇56篇,詩篇56篇
10篇57篇,詩篇57篇
10篇58篇,詩篇58篇
10篇59篇,詩篇59篇
10篇60篇,詩篇60篇
10篇61篇,詩篇61篇
10篇62篇,詩篇62篇
10篇63篇,詩篇63篇
10篇64篇,詩篇64篇
10篇65篇,詩篇65篇
10篇66篇,詩篇66篇
10篇67篇,詩篇67篇
10篇68篇,詩篇68篇
10篇69篇,詩篇69篇
10篇70篇,詩篇70篇
10篇71篇,詩篇71篇
10篇72篇,詩篇72篇
10篇73篇,詩篇73篇
10篇74篇,詩篇74篇
10篇75篇,詩篇75篇
10篇76篇,詩篇76篇
10篇77篇,詩篇77篇
10篇78篇,詩篇78篇
10篇79篇,詩篇79篇
10篇80篇,詩篇80篇
10篇81篇,詩篇81篇
10篇82篇,詩篇82篇
10篇83篇,詩篇83篇
10篇84篇,詩篇84篇
10篇85篇,詩篇85篇
10篇86篇,詩篇86篇
10篇87篇,詩篇87篇
10篇88篇,詩篇88篇
10篇89篇,詩篇89篇
10篇90篇,詩篇90篇
10篇91篇,詩篇91篇
10篇92篇,詩篇92篇
10篇93篇,詩篇93篇
10篇94篇,詩篇94篇
10篇95篇,詩篇95篇
10篇96篇,詩篇96篇
10篇97篇,詩篇97篇
10篇98篇,詩篇98篇
10篇99篇,詩篇99篇
10篇100篇,詩篇100篇
10篇101篇,詩篇101篇
10篇102篇,詩篇102篇
10篇103篇,詩篇103篇
10篇104篇,詩篇104篇
10篇105篇,詩篇105篇
10篇106篇,詩篇106篇
10篇107篇,詩篇107篇
10篇108篇,詩篇108篇
10篇109篇,詩篇109篇
10篇110篇,詩篇110篇
10篇111篇,詩篇111篇
10篇112篇,詩篇112篇
10篇113篇,詩篇113篇
10篇114篇,詩篇114篇
10篇115篇,詩篇115篇
10篇116篇,詩篇116篇
10篇117篇,詩篇117篇
10篇118篇,詩篇118篇
10篇119篇,詩篇119篇
10篇120篇,詩篇120篇
10篇121篇,詩篇121篇
10篇122篇,詩篇122篇
10篇123篇,詩篇123篇
10篇124篇,詩篇124篇
10篇125篇,詩篇125篇
10篇126篇,詩篇126篇
10篇127篇,詩篇127篇
10篇128篇,詩篇128篇
10篇129篇,詩篇129篇
10篇130篇,詩篇130篇
10篇131篇,詩篇131篇
10篇132篇,詩篇132篇
10篇133篇,詩篇133篇
10篇134篇,詩篇134篇
10篇135篇,詩篇135篇
10篇136篇,詩篇136篇
10篇137篇,詩篇137篇
10篇138篇,詩篇138篇
10篇139篇,詩篇139篇
10篇140篇,詩篇140篇
10篇141篇,詩篇141篇
10篇142篇,詩篇142篇
10篇143篇,詩篇143篇
10篇144篇,詩篇144篇
10篇145篇,詩篇145篇
10篇146篇,詩篇146篇
10篇147篇,詩篇147篇
10篇148篇,詩篇148篇
10篇149篇,詩篇149篇
10篇150篇,詩篇150篇
替换前,替换后
懷疑跟不幸,懷疑跟不信
懷疑與不幸,懷疑與不信
懷疑及不幸,懷疑及不信
懷疑和不幸,懷疑和不信
懷疑但不幸,懷疑但不信
懷疑或不幸,懷疑或不信
懷疑不幸,懷疑不信
疑惑跟不幸,疑惑跟不信
疑惑與不幸,疑惑與不信
疑惑及不幸,疑惑及不信
疑惑和不幸,疑惑和不信
疑惑但不幸,疑惑但不信
疑惑或不幸,疑惑或不信
疑惑不幸,疑惑不信
呼召我們成為他的兒女,呼召我們成為祂的兒女
呼召我成為他的兒女,呼召我成為祂的兒女
呼召你成為他的兒女,呼召你成為祂的兒女
呼召我們成為他的孩子,呼召我們成為祂的孩子
呼召我成為他的孩子,呼召我成為祂的孩子
呼召你成為他的孩子,呼召你成為祂的孩子
呼召我們成為他的子民,呼召我們成為祂的子民
呼召我成為他的子民,呼召我成為祂的子民
呼召你成為他的子民,呼召你成為祂的子民
呼召我們成為他的僕人,呼召我們成為祂的僕人
呼召我成為他的僕人,呼召我成為祂的僕人
呼召你成為他的僕人,呼召你成為祂的僕人
呼召我們成為他的百姓,呼召我們成為祂的百姓
呼召我成為他的百姓,呼召我成為祂的百姓
呼召你成為他的百姓,呼召你成為祂的百姓
呼召我們成為他的信徒,呼召我們成為祂的信徒
呼召我成為他的信徒,呼召我成為祂的信徒
呼召你成為他的信徒,呼召你成為祂的信徒
呼召我們成為他的門徒,呼召我們成為祂的門徒
呼召我成為他的門徒,呼召我成為祂的門徒
呼召你成為他的門徒,呼召你成為祂的門徒
呼召我們成為他的選民,呼召我們成為祂的選民
呼召我成為他的選民,呼召我成為祂的選民
呼召你成為他的選民,呼召你成為祂的選民
呼召我們成為他的跟隨者,呼召我們成為祂的跟隨者
呼召我成為他的跟隨者,呼召我成為祂的跟隨者
呼召你成為他的跟隨者,呼召你成為祂的跟隨者
事奉靠耶穌基督得勝的名,是奉靠耶穌基督得勝的名
事奉靠主耶穌基督得勝的名,是奉靠主耶穌基督得勝的名
事奉靠救主耶穌基督得勝的名,是奉靠救主耶穌基督得勝的名
事奉靠基督得勝的名,是奉靠基督得勝的名
事奉靠主得勝的名,是奉靠主得勝的名
事奉靠耶穌基督的名,是奉靠耶穌基督的名
事奉靠主耶穌基督的名,是奉靠主耶穌基督的名
事奉靠救主耶穌基督的名,是奉靠救主耶穌基督的名
事奉靠基督的名,是奉靠基督的名
事奉靠主的名,是奉靠主的名
他是永不改變的神,祂是永不改變的神
他是永不改變的主,祂是永不改變的主
他是永不改變的上帝,祂是永不改變的上帝
他是永不改變的耶和華,祂是永不改變的耶和華
他是永不改變的基督,祂是永不改變的基督
他是永不改變的救世主,祂是永不改變的救世主
他是永不改變的救主,祂是永不改變的救主
他是永不改變的造物主,祂是永不改變的造物主
他是永不改變的救贖主,祂是永不改變的救贖主
他是永不改變的牧者,祂是永不改變的牧者
他永不改變,祂永不改變
他喜悅你,祂喜悅你
他喜悅我,祂喜悅我
他也喜悅你,祂也喜悅你
他也喜悅我,祂也喜悅我
他仍喜悅你,祂仍喜悅你
他仍喜悅我,祂仍喜悅我
他很喜悅你,祂很喜悅你
他很喜悅我,祂很喜悅我
他必喜悅你,祂必喜悅你
他必喜悅我,祂必喜悅我
他真喜悅你,祂真喜悅你
他真喜悅我,祂真喜悅我
依賴你,倚賴祢
你必保守他,祢必保守他
他應許,祂應許
他就應允,祂就應允
他也會賞賜那尋求祂的人,祂也會賞賜那尋求祂的人
他會賞賜那尋求祂的人,祂會賞賜那尋求祂的人
他會賞賜那些尋求祂的人,祂會賞賜那些尋求祂的人
他賞賜那尋求祂的人,祂賞賜那尋求祂的人
他賞賜那些尋求祂的人,祂賞賜那些尋求祂的人
病魔連續,必蒙憐恤
在最終生活,在罪中生活
樹靈,屬靈
牧羊我,牧養我
牧羊你,牧養你
牧羊他,牧養他
牧羊她,牧養她
經歷極度的愛,經歷基督的愛
經歷激動的愛,經歷基督的愛
經歷幾度的愛,經歷基督的愛
體驗極度的愛,體驗基督的愛
體驗激動的愛,體驗基督的愛
體驗幾度的愛,體驗基督的愛
感受極度的愛,感受基督的愛
感受激動的愛,感受基督的愛
感受幾度的愛,感受基督的愛
認識極度的愛,認識基督的愛
認識激動的愛,認識基督的愛
認識幾度的愛,認識基督的愛
分享極度的愛,分享基督的愛
分享激動的愛,分享基督的愛
分享幾度的愛,分享基督的愛
你是與我們同在的,祢是與我們同在的
你是與我同在的,祢是與我同在的
你是與他同在的,祢是與他同在的
你是與她同在的,祢是與她同在的
你是與他們同在的,祢是與他們同在的
你是與她們同在的,祢是與她們同在的
你是與你們同在的,祢是與你們同在的
你與我們同在,祢與我們同在
你與我同在,祢與我同在
你與他同在,祢與他同在
你與她同在,祢與她同在
你與他們同在,祢與他們同在
你與她們同在,祢與她們同在
你與你們同在,祢與你們同在
逃神喜悅,討神喜悅
逃主喜悅,討主喜悅
逃上帝喜悅,討上帝喜悅
他是平靜風與浪的神,祂是平靜風與浪的神
他是平靜風與浪的主,祂是平靜風與浪的主
他是平靜風與浪的上帝,祂是平靜風與浪的上帝
他是平靜風與浪的耶和華,祂是平靜風與浪的耶和華
他是平靜風浪的神,祂是平靜風浪的神
他是平靜風浪的主,祂是平靜風浪的主
他是平靜風浪的上帝,祂是平靜風浪的上帝
他是平靜風浪的耶和華,祂是平靜風浪的耶和華
他平靜風與浪,祂平靜風與浪
他平靜風浪,祂平靜風浪
他平靜風和浪,祂平靜風和浪
